BinomialReptileDatabase,Sex,Family,HigherTaxonomy,SSM,SSBF,max_bf,max_bm,max_svl,max_hl,max_hw,max_hh,max_ljl,MainBiogeographicRealm,Lifestyle,MieriDiet,MetzgerHerrelDiet,CooperDiet,PercentPlantMatterEaten
Anolis heterodermus,M,Dactyloidae,Iguania,6,6,17.54,NA,71.34,20.97,10.56,9.3,20.4,Neotropic,Arboreal,Carnivorous,NA,NA,NA
Ablepharus kitaibelii,M,Scincidae,Scincoidea,6,6,0.39,1.03,41.67,6.68,3.82,2.7,5.94,Paleartic,Terrestrial,Carnivorous,NA,NA,NA
Acanthodactylus aureus,M,Lacertidae,Lacertoidea,3,3,5.83,NA,72.35,18.73,11.17,9.16,NA,Paleartic,Terrestrial,Carnivorous,NA,NA,NA
Acanthodactylus erythrurus,M,Lacertidae,Lacertoidea,7,7,9.7,NA,72.5,17.75,11.65,9.27,NA,Paleartic,Terrestrial,Carnivorous,NA,Omnivorous,65.5
Acanthodactylus pardalis,M,Lacertidae,Lacertoidea,5,5,4.9,NA,59,14.4,9.5,8.1,NA,Paleartic,Terrestrial,Carnivorous,Carnivorous,NA,NA
Anolis allisoni,M,Dactyloidae,Iguania,9,9,5.25,NA,70.79,24.55,14.45,7.59,23.44,Neotropic,Arboreal,Carnivorous,NA,NA,NA
Anolis angusticeps,M,Dactyloidae,Iguania,57,57,1.58,NA,43.65,13.49,6.17,4.57,13.8,Neotropic,Arboreal,Carnivorous,NA,NA,NA
Anolis aquaticus,M,Dactyloidae,Iguania,10,10,13.2,NA,60,15.5,8.4,6.9,15.7,Neotropic,Semi-Aquatic,Carnivorous,NA,NA,NA
Anolis auratus,M,Dactyloidae,Iguania,23,23,2.15,NA,43.52,11.79,5.93,4.82,11.63,Neotropic,Arboreal/Terrestrial,Carnivorous,NA,NA,NA
Anolis bahorucoensis,M,Dactyloidae,Iguania,30,30,2.14,NA,38.9,13.18,6.31,5.13,13.49,Neotropic,Arboreal/Terrestrial,Carnivorous,NA,NA,NA
Anolis baracoae,M,Dactyloidae,Iguania,2,2,23.99,NA,123.03,41.69,13.8,17.38,41.69,Neotropic,Arboreal,Carnivorous,NA,NA,NA
Anolis barahonae,M,Dactyloidae,Iguania,32,32,48.98,NA,147.91,44.67,25.7,22.91,45.71,Neotropic,Arboreal,Omnivorous,NA,NA,NA
Anolis brevirostris,M,Dactyloidae,Iguania,64,64,3.98,NA,44.67,13.49,8.13,5.89,13.18,Neotropic,Arboreal,Carnivorous,NA,NA,NA
Anolis brunneus,M,Dactyloidae,Iguania,53,53,4.57,NA,61.66,19.5,9.12,6.61,20.89,Neotropic,Arboreal,Carnivorous,NA,NA,NA
Anolis carolinensis,M,Dactyloidae,Iguania,56,56,9.83,NA,63.32,NA,NA,NA,NA,Neartic,Arboreal,Carnivorous,NA,NA,NA
Anolis chloris,M,Dactyloidae,Iguania,4,4,5.86,NA,59.41,16.42,8.65,6.82,16.54,Neotropic,Arboreal,Carnivorous,NA,NA,NA
Anolis coelestinus,M,Dactyloidae,Iguania,70,70,10,NA,61.66,19.05,10.23,7.94,19.5,Neotropic,Arboreal,Carnivorous,NA,NA,NA
Anolis cristatellus,M,Dactyloidae,Iguania,35,35,33.366,10,67.6,17.76,12.95,10.27,20.68,Neotropic,Arboreal/Terrestrial,Omnivorous,NA,NA,NA
Anolis cuvieri,M,Dactyloidae,Iguania,10,10,72.44,NA,131.83,42.66,21.88,19.05,41.69,Neotropic,Arboreal/Terrestrial,Omnivorous,NA,NA,NA
Anolis cybotes,M,Dactyloidae,Iguania,61,61,11.75,NA,57.54,19.95,11.75,9.55,19.5,Neotropic,Arboreal/Terrestrial,Carnivorous,NA,NA,NA
Anolis distichus,M,Dactyloidae,Iguania,83,83,2.8,NA,46.81,13.27,8.59,6.1,13.44,Neotropic,Arboreal,Carnivorous,NA,NA,NA
Anolis equestris,M,Dactyloidae,Iguania,10,10,57.62,NA,157.35,49.3,28.89,20.94,49.75,Neotropic,Arboreal,Omnivorous,NA,NA,NA
Anolis evermanni,M,Dactyloidae,Iguania,60,60,2.69,NA,54.95,16.22,9.33,6.92,16.98,Neotropic,Arboreal,Carnivorous,NA,Omnivorous,13.5
Anolis frenatus,M,Dactyloidae,Iguania,2,2,27.29,NA,114.62,28.84,16.36,13.36,29.72,Neotropic,Arboreal/Terrestrial,Carnivorous,NA,NA,NA
Anolis garmani,M,Dactyloidae,Iguania,23,23,11.48,NA,91.2,26.3,14.45,11.75,27.54,Neotropic,Arboreal,Omnivorous,NA,NA,NA
Anolis grahami,M,Dactyloidae,Iguania,23,23,4.79,NA,58.88,17.78,10,7.24,18.62,Neotropic,Arboreal/Saxicolous,Omnivorous,NA,NA,NA
Anolis gundlachi,M,Dactyloidae,Iguania,28,28,6.65,NA,63.25,19.8,10.44,8.6,19.92,Neotropic,Arboreal,Carnivorous,NA,NA,NA
Anolis humilis,M,Dactyloidae,Iguania,30,30,1.77,NA,32.73,9.99,5.54,4.27,9.83,Neotropic,Arboreal/Terrestrial,Carnivorous,NA,NA,NA
Anolis krugi,M,Dactyloidae,Iguania,39,39,1.91,NA,38.9,12.88,6.76,5.89,12.88,Neotropic,Arboreal,Carnivorous,NA,NA,NA
Anolis limifrons,M,Dactyloidae,Iguania,26,26,1.42,NA,37.6,10.63,5.4,4.23,10.27,Neotropic,Arboreal/Terrestrial,Carnivorous,NA,NA,NA
Anolis lineatopus,M,Dactyloidae,Iguania,58,58,3.4,3.11,51.6,15.86,8.39,6.34,16.19,Neotropic,Arboreal/Terrestrial,Carnivorous,NA,NA,NA
Anolis lionotus,M,Dactyloidae,Iguania,10,9,13.9,NA,66.5,16.8,8.8,7.2,16.9,Neotropic,Semi-Aquatic,Carnivorous,NA,NA,NA
Anolis oculatus,M,Dactyloidae,Iguania,61,61,40.602,15.12,86.8,21.66,15.42,12.33,25.24,Neotropic,Arboreal/Terrestrial,Carnivorous,NA,NA,NA
Anolis olssoni,M,Dactyloidae,Iguania,29,29,2.57,NA,43.65,12.3,5.89,5.13,13.18,Neotropic,Arboreal,Carnivorous,NA,NA,NA
Anolis oxylophus,M,Dactyloidae,Iguania,5,5,8,NA,61.1,15.7,8.5,7.1,15.8,Neotropic,Semi-Aquatic,Carnivorous,NA,NA,NA
Anolis poecilopus,M,Dactyloidae,Iguania,17,17,12.6,NA,66.8,16.6,9.1,7.1,16.9,Neotropic,Semi-Aquatic,Carnivorous,NA,NA,NA
Anolis pulchellus,M,Dactyloidae,Iguania,36,36,2.52,NA,42.13,13.43,6.3,5.36,13.68,Neotropic,Arboreal,Carnivorous,NA,NA,NA
Anolis sagrei,M,Dactyloidae,Iguania,27,27,7.99,NA,58.13,16.27,NA,NA,NA,Neotropic,Arboreal/Saxicolous,Carnivorous,NA,NA,NA
Anolis sheplani,M,Dactyloidae,Iguania,9,9,1.02,0.61,38.61,11.26,4.57,4.46,NA,Neotropic,Arboreal,Carnivorous,NA,NA,NA
Anolis singularis,M,Dactyloidae,Iguania,16,16,2.51,NA,38.9,12.3,6.76,5.25,12.88,Neotropic,Arboreal,NA,NA,NA,NA
Anolis smaragdinus,M,Dactyloidae,Iguania,54,54,2.88,NA,53.7,16.6,8.32,5.75,17.38,Neotropic,Arboreal,Carnivorous,NA,NA,NA
Anolis stratulus,M,Dactyloidae,Iguania,38,38,1.82,NA,44.67,13.8,7.76,5.5,13.8,Neotropic,Arboreal,Carnivorous,NA,NA,NA
Anolis valencienni,M,Dactyloidae,Iguania,23,23,6.7,NA,67.47,19.89,9.59,7.97,19.96,Neotropic,Arboreal/Terrestrial,Omnivorous,NA,NA,NA
Aspidoscelis sexlineatus,M,Teiidae,Lacertoidea,112,112,4.33,NA,65.4,16.17,8.54,7.26,NA,Neartic,Terrestrial,Carnivorous,NA,NA,NA
Bradypodion caeruleogula,M,Chamaeleonidae,Iguania,6,6,6.14,NA,46.11,NA,NA,NA,NA,Afrotropic,Arboreal,Carnivorous,NA,NA,NA
Bradypodion caffer,M,Chamaeleonidae,Iguania,6,6,14.78,NA,61.96,NA,NA,NA,NA,Afrotropic,Arboreal,Carnivorous,NA,NA,NA
Bradypodion damaranum,M,Chamaeleonidae,Iguania,19,19,24.01,NA,65.46,NA,NA,NA,NA,Afrotropic,Arboreal,Carnivorous,NA,NA,NA
Bradypodion kentanicum,M,Chamaeleonidae,Iguania,11,11,7.88,NA,51.02,NA,NA,NA,NA,Afrotropic,Arboreal,Carnivorous,NA,NA,NA
Bradypodion melanocephalum,M,Chamaeleonidae,Iguania,25,23,10.37,NA,49.14,11.68,7.54,6.98,11.55,Afrotropic,Arboreal,Carnivorous,NA,NA,NA
Bradypodion nemorale,M,Chamaeleonidae,Iguania,4,4,9.26,NA,52.84,NA,NA,NA,NA,Afrotropic,Arboreal,Carnivorous,NA,NA,NA
Bradypodion occidentale,M,Chamaeleonidae,Iguania,1,1,21.71,NA,71.98,NA,NA,NA,NA,Afrotropic,Arboreal,Carnivorous,NA,NA,NA
Bradypodion pumilum,M,Chamaeleonidae,Iguania,27,27,16.09,NA,62.07,NA,NA,NA,NA,Afrotropic,Arboreal/Terrestrial,Carnivorous,NA,NA,NA
Bradypodion setaroi,M,Chamaeleonidae,Iguania,7,7,10.93,NA,50.99,NA,NA,NA,NA,Afrotropic,Arboreal,Carnivorous,NA,NA,NA
Bradypodion taeniabronchum,M,Chamaeleonidae,Iguania,21,32,3.65,NA,50.13,NA,NA,NA,NA,Afrotropic,Arboreal,Carnivorous,NA,NA,NA
Bradypodion thamnobates,M,Chamaeleonidae,Iguania,25,13,30.4,NA,60.97,NA,NA,NA,NA,Afrotropic,Arboreal,Carnivorous,NA,NA,NA
Bradypodion transvaalense,M,Chamaeleonidae,Iguania,12,12,16.02,NA,60.26,NA,NA,NA,NA,Afrotropic,Arboreal,Carnivorous,NA,NA,NA
Bradypodion ventrale,M,Chamaeleonidae,Iguania,8,8,9.46,NA,64.22,NA,NA,NA,NA,Afrotropic,Arboreal,Carnivorous,NA,NA,NA
Callisaurus draconoides,M,Phrynosomatidae,Iguania,12,12,4.79,NA,83.04,15.66,12.59,8.8,NA,Neartic,Terrestrial,Carnivorous,Carnivorous,NA,NA
Aspidoscelis tigris,M,Teiidae,Lacertoidea,5,5,6.69,NA,77.26,18.97,10.28,8.87,NA,Neartic,Terrestrial,Carnivorous,Carnivorous,NA,NA
Smaug mossambicus,M,Cordylidae,Scincoidea,5,5,19.31,NA,109.03,30.29,24.93,13.92,NA,Afrotropic,Saxicolous,Carnivorous,NA,NA,NA
Corucia zebrata,M,Scincidae,Scincoidea,2,2,206.85,NA,275,50.6,48.88,36.03,NA,Australasia,Arboreal,Herbivorous,Herbivorous,Herbivorous,100
Crotaphytus antiquus,M,Crotaphytidae,Iguania,18,18,70.6,54.5,108.6,30.6,26.2,26.2,NA,Neartic,Saxicolous,Carnivorous,NA,NA,NA
Ctenophorus maculosus,M,Agamidae,Iguania,32,32,14,12.5,70.21,NA,15.55,10.15,20.14,Australasia,Terrestrial,Carnivorous,NA,NA,NA
Dipsosaurus dorsalis,M,Iguanidae,Iguania,10,10,18.99,NA,125.74,22.38,19.15,14.17,NA,Neartic,Terrestrial,Herbivorous,Herbivorous,Herbivorous,97.3
Eulamprus heatwolei,M,Scincidae,Scincoidea,3,3,16.66,NA,109.17,21.37,13.7,11.24,NA,Australasia,Semi-Aquatic,Carnivorous,Carnivorous,NA,NA
Gallotia atlantica,M,Lacertidae,Lacertoidea,20,20,29.7,21,91.1,21.4,14,9.7,23.9,Paleartic,Terrestrial/Saxicolous,Omnivorous,NA,NA,NA
Gallotia bravoana,M,Lacertidae,Lacertoidea,14,14,133.3,210.5,184.5,46.1,31.6,23.4,48.2,Paleartic,Terrestrial,Herbivorous,NA,NA,NA
Gallotia caesaris,M,Lacertidae,Lacertoidea,7,7,40.1,27.6,96.9,24.9,14.9,11.9,27,Paleartic,Terrestrial/Saxicolous,Omnivorous,NA,NA,NA
Gallotia galloti,M,Lacertidae,Lacertoidea,56,16,108.57,NA,109.65,28.18,18.62,14.79,NA,Paleartic,Terrestrial,Herbivorous,Herbivorous,NA,NA
Gallotia intermedia,M,Lacertidae,Lacertoidea,1,1,121.9,123,154.8,42.3,28.4,20.3,34.6,Paleartic,Saxicolous,Omnivorous,NA,NA,NA
Gallotia simonyi,M,Lacertidae,Lacertoidea,11,11,143,446.2,236.5,56.8,40.7,30.3,61.1,Paleartic,Terrestrial,Herbivorous,NA,NA,NA
Gallotia stehlini,M,Lacertidae,Lacertoidea,16,16,124.1,235.4,189.1,48.2,32.2,24.3,51.6,Paleartic,Terrestrial,Herbivorous,NA,NA,NA
Gekko gecko,M,Gekkonidae,Gekkota,5,5,29.1,33.7,123.9,NA,NA,NA,NA,Indomalaya,Arboreal/Saxicolous,Carnivorous,Carnivorous,NA,NA
Iberolacerta horvathi,M,Lacertidae,Lacertoidea,26,26,2.489,NA,61.6,21.3,8.6,5.6,NA,Paleartic,Saxicolous,Carnivorous,NA,NA,NA
Karusasaurus polyzonus,M,Cordylidae,Scincoidea,16,16,33.19,NA,101.04,25.78,21.68,12.81,26.48,Afrotropic,Saxicolous,Carnivorous,NA,NA,NA
Archaeolacerta bedriagae,M,Lacertidae,Lacertoidea,14,14,7.2,NA,67.9,18.3,10.9,6.9,NA,Paleartic,Saxicolous,Omnivorous,Omnivorous,Omnivorous,50
Lacerta bilineata,M,Lacertidae,Lacertoidea,2,2,23.3,NA,90.4,24.4,15.8,11.8,NA,Paleartic,Terrestrial,Carnivorous,Carnivorous,NA,NA
Iberolacerta monticola,M,Lacertidae,Lacertoidea,6,6,12.91,NA,73.28,17.96,11.18,7.89,NA,Paleartic,Terrestrial/Saxicolous,Carnivorous,NA,NA,NA
Dalmatolacerta oxycephala,M,Lacertidae,Lacertoidea,34,34,5.9,NA,58.4,15.1,8.2,5.8,15.9,Paleartic,Saxicolous,Carnivorous,NA,NA,NA
Lacerta schreiberi,M,Lacertidae,Lacertoidea,7,7,34.23,NA,95.57,24.58,17.01,13.22,NA,Paleartic,Terrestrial,Carnivorous,NA,NA,NA
Lacerta trilineata,M,Lacertidae,Lacertoidea,12,12,66.43,NA,158,54.1,32.5,28.1,33.9,Paleartic,Arboreal/Terrestrial/Saxicolous,Omnivorous,NA,NA,NA
Zootoca vivipara,M,Lacertidae,Lacertoidea,8,8,2.29,NA,52.63,11.54,7.19,5.71,NA,Paleartic,Terrestrial,Carnivorous,Carnivorous,NA,NA
Latastia longicaudata,M,Lacertidae,Lacertoidea,3,3,7,NA,90.4,20.5,11.2,9.5,NA,Afrotropic,Terrestrial,Carnivorous,Carnivorous,NA,NA
Liolaemus baguali,M,Liolaemidae,Iguania,6,6,12.99,NA,85.17,18.43,12.46,7.73,19.27,Neotropic,Terrestrial,Carnivorous,NA,NA,NA
Liolaemus bibronii,M,Liolaemidae,Iguania,4,4,3.27,NA,53.87,11.69,7.64,5.45,11.71,Neotropic,Terrestrial,Carnivorous,NA,NA,NA
Liolaemus canqueli,M,Liolaemidae,Iguania,7,7,14.14,NA,94.81,18.63,11.27,9.5,19.62,Neotropic,Arboreal/Terrestrial,Omnivorous,NA,NA,NA
Liolaemus coeruleus,M,Liolaemidae,Iguania,13,13,5.08,NA,61.69,12.89,9.34,5.81,13.49,Neotropic,Saxicolous,Omnivorous,NA,NA,NA
Liolaemus elongatus,M,Liolaemidae,Iguania,7,7,8.57,NA,74.84,16.27,10.53,6.82,16.31,Neotropic,Terrestrial,Carnivorous,NA,NA,NA
Liolaemus escarchadosi,M,Liolaemidae,Iguania,4,4,10.41,NA,79.64,17.27,11.22,8.95,18.01,Neotropic,Saxicolous,Carnivorous,NA,NA,NA
Liolaemus fitzingerii,M,Liolaemidae,Iguania,4,4,14.27,NA,93.55,18.66,12.76,9.18,19.39,Neotropic,Terrestrial,Carnivorous,NA,NA,NA
Liolaemus hatcheri,M,Liolaemidae,Iguania,7,7,3.89,NA,59.18,12.91,9.18,5.68,13.12,Neotropic,Terrestrial,Omnivorous,NA,NA,NA
Liolaemus kingii,M,Liolaemidae,Iguania,3,3,8.95,NA,73.78,15.71,10.57,7.64,16.19,Neotropic,Terrestrial,Herbivorous,NA,NA,NA
Liolaemus kolengh,M,Liolaemidae,Iguania,7,7,2.58,NA,55.53,12.02,8.85,5.4,12.64,Neotropic,Terrestrial/Leaf Litter,Omnivorous,NA,NA,NA
Liolaemus kriegi,M,Liolaemidae,Iguania,3,3,8.32,NA,78.17,16.64,12.38,7.89,17.03,Neotropic,Saxicolous,Carnivorous,NA,NA,NA
Liolaemus mapuche,M,Liolaemidae,Iguania,11,11,10.57,NA,78.96,16.5,11.65,8.61,17.22,Neotropic,Terrestrial,Carnivorous,NA,NA,NA
Liolaemus morenoi,M,Liolaemidae,Iguania,6,6,8.92,NA,67.23,14.53,10.04,7.09,14.79,Neotropic,Terrestrial,Omnivorous,NA,NA,NA
Liolaemus petrophilus,M,Liolaemidae,Iguania,2,2,10.53,NA,90.63,19.87,13.31,7.93,21.5,Neotropic,Saxicolous,Carnivorous,NA,NA,NA
Liolaemus rothi,M,Liolaemidae,Iguania,3,3,5.76,NA,79.35,16.55,12.32,8.48,18.1,Neotropic,Terrestrial/Saxicolous,Carnivorous,NA,NA,NA
Liolaemus sarmientoi,M,Liolaemidae,Iguania,4,4,7.12,NA,72.81,15.43,10.5,7.81,16.34,Neotropic,Terrestrial/Saxicolous,Omnivorous,NA,NA,NA
Liolaemus tenuis,M,Liolaemidae,Iguania,4,4,5.22,NA,53.03,12.98,8.62,5.3,13.44,Neotropic,Arboreal,Carnivorous,NA,NA,NA
Liolaemus xanthoviridis,M,Liolaemidae,Iguania,5,5,11.83,NA,82.39,16.81,11.39,7.99,17.3,Neotropic,Terrestrial,Omnivorous,NA,NA,NA
Liolaemus zullyae,M,Liolaemidae,Iguania,5,5,7.83,NA,68.33,15.95,10.62,7.75,16.57,Neotropic,Saxicolous,Carnivorous,NA,NA,NA
Ouroborus cataphractus,M,Cordylidae,Scincoidea,19,19,58.01,NA,105.03,29.08,27.54,14.01,28.64,Afrotropic,Saxicolous,Carnivorous,NA,NA,NA
Stellagama stellio,M,Agamidae,Iguania,4,4,22.23,NA,95.79,23.64,23.42,12.93,NA,Paleartic,Arboreal/Saxicolous,Omnivorous,Omnivorous,NA,NA
Podarcis liolepis,M,Lacertidae,Lacertoidea,6,6,7.8,NA,63.7,16,9.1,7.2,NA,Paleartic,Saxicolous,Omnivorous,Omnivorous,NA,NA
Podarcis erhardii,M,Lacertidae,Lacertoidea,187,187,21.34,11.1,81.68,17.7,12.3,9.7,15.35,Paleartic,Terrestrial/Saxicolous,Carnivorous,Carnivorous,NA,NA
Podarcis hispanicus,M,Lacertidae,Lacertoidea,10,10,4.3,NA,55.4,14.3,8.4,5.9,NA,Paleartic,Terrestrial/Saxicolous,Omnivorous,Carnivorous,Omnivorous,42.8
Podarcis lilfordi,M,Lacertidae,Lacertoidea,8,8,10.71,NA,62.08,16.44,9.63,7.71,NA,Paleartic,Terrestrial,Omnivorous,Omnivorous,Omnivorous,61.8
Podarcis melisellensis,M,Lacertidae,Lacertoidea,148,64,13.98,5.31,64.67,15.13,9.04,7.2,16.19,Paleartic,Terrestrial/Saxicolous,Carnivorous,Carnivorous,NA,NA
Podarcis muralis,M,Lacertidae,Lacertoidea,30,30,13.64,8.75,71,19,9,NA,NA,Paleartic,Terrestrial/Saxicolous,Carnivorous,Carnivorous,Omnivorous,22.1
Podarcis peloponnesiacus,M,Lacertidae,Lacertoidea,9,9,13.45,NA,75.5,19.66,11.83,9.67,NA,Paleartic,Arboreal/Terrestrial/Saxicolous,Carnivorous,NA,NA,NA
Podarcis siculus,M,Lacertidae,Lacertoidea,NA,NA,11.25,6.38,69.54,16.33,9.13,7.35,17.45,Paleartic,Terrestrial/Saxicolous,Omnivorous,Carnivorous,NA,NA
Podarcis tiliguerta,M,Lacertidae,Lacertoidea,18,18,3.6,NA,55.1,14.6,7.9,6,NA,Paleartic,Saxicolous,Carnivorous,Carnivorous,NA,NA
Pogona vitticeps,M,Agamidae,Iguania,8,8,112.39,NA,217.76,38.1,48.37,29.06,NA,Australasia,Arboreal/Saxicolous,Omnivorous,Omnivorous,NA,NA
Psammodromus algirus,M,Lacertidae,Lacertoidea,9,9,11.52,NA,74.84,18.34,11.61,8.77,NA,Paleartic,Arboreal/Terrestrial/Saxicolous,Omnivorous,Carnivorous,Omnivorous,23.3
Psammodromus hispanicus,M,Lacertidae,Lacertoidea,6,6,2.26,NA,41.1,10.72,6.56,5.24,NA,Paleartic,Terrestrial,Carnivorous,NA,NA,NA
Sauromalus ater,M,Iguanidae,Iguania,34,34,76.6,191.3,168.9,32.8,28.6,15.7,NA,Neartic,Terrestrial/Saxicolous,Herbivorous,Herbivorous,NA,99
Sceloporus undulatus,M,Phrynosomatidae,Iguania,16,16,3.57,NA,59.64,12.8,10.7,7.17,NA,Neartic,Arboreal/Terrestrial/Saxicolous,Carnivorous,Carnivorous,NA,NA
Sphenodon punctatus,M,Sphenodontidae,Sphenodontia,74,74,173,434.8,230.2,60.6,45.2,33.4,65.3,Australasia,Terrestrial,Carnivorous,Carnivorous,NA,14
Takydromus sexlineatus,M,Lacertidae,Lacertoidea,9,9,0.56,NA,54.45,13.73,6.24,5.43,NA,Indomalaya,Arboreal/Terrestrial,Carnivorous,Carnivorous,NA,NA
Tarentola mauritanica,M,Phyllodactylidae,Gekkota,12,12,5.48,NA,77.13,21.93,18.6,10.16,NA,Paleartic,Arboreal/Saxicolous,Carnivorous,NA,NA,NA
Tiliqua rugosa,M,Scincidae,Scincoidea,13,13,161.64,NA,282.44,45.9,51.64,33.21,NA,Australasia,Terrestrial,Herbivorous,Omnivorous,Herbivorous,93.7
Trogonophis wiegmanni,M,Trogonophidae,Lacertoidea,15,15,5.2,6.83,158.47,6.96,5.09,4.07,NA,Paleartic,Fossorial,Carnivorous,NA,NA,NA
Salvator merianae,M,Teiidae,Lacertoidea,10,10,534.24,NA,425,99.65,NA,NA,NA,Neotropic,Terrestrial,Omnivorous,NA,NA,NA
Tupinambis teguixin,M,Teiidae,Lacertoidea,3,3,105,NA,317.33,NA,NA,NA,NA,Neotropic,Terrestrial,Omnivorous,Omnivorous,NA,NA
Uromastix acanthinura,M,Agamidae,Iguania,4,4,68.39,NA,159.46,31.79,32.69,18.81,NA,Paleartic,Terrestrial,Herbivorous,Herbivorous,NA,NA
Uromastyx aegyptia,M,Agamidae,Iguania,7,7,140.7,891.8,330,42.1,48.6,29.7,48.9,Paleartic,Terrestrial,Herbivorous,Herbivorous,NA,100
Urosaurus ornatus,M,Phrynosomatidae,Iguania,12,12,6.9,NA,52.7,12.04,10.21,6.86,NA,Neartic,Arboreal/Saxicolous,Carnivorous,NA,NA,NA
Varanus exanthematicus,M,Varanidae,Anguimorpha,7,7,86.61,NA,237.9,48.01,33.58,23.99,NA,Afrotropic,Arboreal/Terrestrial,Carnivorous,Carnivorous,NA,NA
Xenosaurus grandis,M,Xenosauridae,Anguimorpha,11,11,18.94,NA,109.78,26.45,21.63,13.18,28.79,Neotropic,Saxicolous,Carnivorous,Carnivorous,NA,NA
Xenosaurus newmanorum,M,Xenosauridae,Anguimorpha,7,7,20.38,NA,106.42,28.06,21.65,13.31,30.07,Neotropic,Saxicolous,Omnivorous,NA,NA,NA
Xenosaurus platyceps,M,Xenosauridae,Anguimorpha,10,10,12.43,NA,89.37,22.35,18.99,10.37,24.21,Neotropic,Saxicolous,Carnivorous,NA,NA,NA
